Visitor,Visitor pts,Home,Home pts,Winner
Golden State Warriors,99,Brooklyn Nets,125,1
Los Angeles Clippers,116,Los Angeles Lakers,109,0
Charlotte Hornets,114,Cleveland Cavaliers,121,1
New York Knicks,107,Indiana Pacers,121,1
Miami Heat,107,Orlando Magic,113,1
Washington Wizards,107,Philadelphia 76ers,113,1
New Orleans Pelicans,113,Toronto Raptors,99,0
Milwaukee Bucks,121,Boston Celtics,122,1
Atlanta Hawks,124,Chicago Bulls,104,0
San Antonio Spurs,131,Memphis Grizzlies,119,0
Detroit Pistons,101,Minnesota Timberwolves,111,1
Sacramento Kings,124,Denver Nuggets,122,0
Utah Jazz,120,Portland Trail Blazers,100,0
Dallas Mavericks,102,Phoenix Suns,106,1
New Orleans Pelicans,98,Miami Heat,111,1
Golden State Warriors,99,Milwaukee Bucks,138,1
Brooklyn Nets,123,Boston Celtics,95,0
Dallas Mavericks,115,Los Angeles Lakers,138,1
Los Angeles Clippers,121,Denver Nuggets,108,0
Atlanta Hawks,122,Memphis Grizzlies,112,0
Oklahoma City Thunder,109,Charlotte Hornets,107,0
Cleveland Cavaliers,128,Detroit Pistons,119,0
Orlando Magic,130,Washington Wizards,120,0
Philadelphia 76ers,109,New York Knicks,89,0
Indiana Pacers,125,Chicago Bulls,106,0
Toronto Raptors,114,San Antonio Spurs,119,1
Minnesota Timberwolves,116,Utah Jazz,111,0
Houston Rockets,126,Portland Trail Blazers,128,1
Phoenix Suns,103,Sacramento Kings,106,1
Dallas Mavericks,124,Los Angeles Clippers,73,0
San Antonio Spurs,95,New Orleans Pelicans,98,1
Orlando Magic,120,Washington Wizards,113,0
Brooklyn Nets,104,Charlotte Hornets,106,1
Philadelphia 76ers,94,Cleveland Cavaliers,118,1
Milwaukee Bucks,110,New York Knicks,130,1
Boston Celtics,107,Indiana Pacers,108,1
Golden State Warriors,129,Chicago Bulls,128,0
Phoenix Suns,116,Sacramento Kings,100,0
Minnesota Timberwolves,91,Los Angeles Lakers,127,1
Memphis Grizzlies,116,Brooklyn Nets,111,0
Detroit Pistons,120,Atlanta Hawks,128,1
Utah Jazz,110,Oklahoma City Thunder,109,0
Houston Rockets,111,Denver Nuggets,124,1
Portland Trail Blazers,115,Los Angeles Lakers,107,0
New York Knicks,95,Cleveland Cavaliers,86,0
Golden State Warriors,116,Detroit Pistons,106,0
Boston Celtics,116,Indiana Pacers,111,0
Chicago Bulls,115,Washington Wizards,107,0
Toronto Raptors,93,Philadelphia 76ers,100,1
Milwaukee Bucks,144,Miami Heat,97,0
Orlando Magic,118,Oklahoma City Thunder,107,0
New Orleans Pelicans,86,Phoenix Suns,111,1
Denver Nuggets,115,Sacramento Kings,125,1
Minnesota Timberwolves,101,Los Angeles Clippers,124,1
Milwaukee Bucks,108,Miami Heat,119,1
Atlanta Hawks,141,Brooklyn Nets,145,1
Memphis Grizzlies,107,Boston Celtics,126,1
Charlotte Hornets,118,Dallas Mavericks,99,0
Los Angeles Lakers,121,San Antonio Spurs,107,0
Portland Trail Blazers,105,Los Angeles Clippers,128,1
Cleveland Cavaliers,99,Indiana Pacers,119,1
Chicago Bulls,133,Washington Wizards,130,0
Philadelphia 76ers,116,Orlando Magic,92,0
Sacramento Kings,119,Houston Rockets,122,1
New York Knicks,83,Toronto Raptors,100,1
New Orleans Pelicans,113,Oklahoma City Thunder,80,0
Phoenix Suns,106,Utah Jazz,95,0
Memphis Grizzlies,108,Charlotte Hornets,93,0
Miami Heat,83,Dallas Mavericks,93,1
Boston Celtics,93,Detroit Pistons,96,1
Atlanta Hawks,114,Brooklyn Nets,96,0
Chicago Bulls,96,Milwaukee Bucks,126,1
Washington Wizards,130,Minnesota Timberwolves,109,0
Los Angeles Lakers,109,San Antonio Spurs,103,0
Phoenix Suns,106,Denver Nuggets,103,0
Los Angeles Clippers,100,Utah Jazz,106,1
Portland Trail Blazers,123,Golden State Warriors,98,0
Sacramento Kings,94,Houston Rockets,102,1
New York Knicks,106,Indiana Pacers,102,0
Oklahoma City Thunder,108,Orlando Magic,99,0
Charlotte Hornets,112,Philadelphia 76ers,127,1
Cleveland Cavaliers,96,Atlanta Hawks,91,0
Toronto Raptors,116,New Orleans Pelicans,120,1
Boston Celtics,122,Detroit Pistons,120,0
Washington Wizards,123,Brooklyn Nets,122,0
Los Angeles Lakers,108,Memphis Grizzlies,94,0
Denver Nuggets,124,Minnesota Timberwolves,109,0
Utah Jazz,130,San Antonio Spurs,109,0
Dallas Mavericks,108,Chicago Bulls,118,1
Los Angeles Clippers,112,Phoenix Suns,107,0
Portland Trail Blazers,122,Golden State Warriors,137,1
Cleveland Cavaliers,83,Orlando Magic,103,1
Charlotte Hornets,101,Philadelphia 76ers,118,1
New York Knicks,113,Atlanta Hawks,108,0
Oklahoma City Thunder,90,Miami Heat,118,1
Boston Celtics,126,Toronto Raptors,114,0
Dallas Mavericks,113,Houston Rockets,100,0
Detroit Pistons,115,Milwaukee Bucks,125,1
Indiana Pacers,118,New Orleans Pelicans,116,0
Sacramento Kings,106,Golden State Warriors,137,1
Utah Jazz,96,Brooklyn Nets,130,1
Los Angeles Lakers,94,Memphis Grizzlies,92,0
Minnesota Timberwolves,116,Denver Nuggets,123,1
San Antonio Spurs,116,Los Angeles Clippers,113,0
Chicago Bulls,111,Portland Trail Blazers,108,0
Houston Rockets,107,Indiana Pacers,114,1
Cleveland Cavaliers,94,Orlando Magic,105,1
Washington Wizards,136,Philadelphia 76ers,141,1
Charlotte Hornets,102,Atlanta Hawks,94,0
Boston Celtics,107,Miami Heat,105,0
Utah Jazz,100,New York Knicks,112,1
Detroit Pistons,115,Milwaukee Bucks,130,1
Oklahoma City Thunder,111,New Orleans Pelicans,110,0
Toronto Raptors,115,Phoenix Suns,123,1
Los Angeles Clippers,108,Golden State Warriors,101,0
Chicago Bulls,124,Sacramento Kings,128,1
Philadelphia 76ers,109,Brooklyn Nets,122,1
Cleveland Cavaliers,94,Memphis Grizzlies,90,0
Dallas Mavericks,124,Denver Nuggets,117,0
San Antonio Spurs,118,Los Angeles Lakers,109,0
Minnesota Timberwolves,117,Portland Trail Blazers,135,1
Phoenix Suns,105,Detroit Pistons,110,1
Washington Wizards,107,Boston Celtics,116,1
Charlotte Hornets,118,New Orleans Pelicans,110,0
Oklahoma City Thunder,101,New York Knicks,89,0
Orlando Magic,90,Houston Rockets,132,1
Brooklyn Nets,110,Memphis Grizzlies,115,1
Utah Jazz,131,Milwaukee Bucks,118,0
Los Angeles Clippers,105,Golden State Warriors,115,1
Chicago Bulls,115,Los Angeles Lakers,117,1
Toronto Raptors,144,Sacramento Kings,123,0
Denver Nuggets,115,Philadelphia 76ers,103,0
Atlanta Hawks,105,Charlotte Hornets,113,1
Phoenix Suns,125,Indiana Pacers,117,0
Miami Heat,128,Washington Wizards,124,0
Cleveland Cavaliers,90,Milwaukee Bucks,100,1
San Antonio Spurs,125,Minnesota Timberwolves,122,0
Orlando Magic,98,Dallas Mavericks,112,1
Portland Trail Blazers,125,Sacramento Kings,99,0
Utah Jazz,96,Detroit Pistons,86,0
Chicago Bulls,127,Los Angeles Clippers,130,1
Oklahoma City Thunder,129,Brooklyn Nets,116,0
Denver Nuggets,114,New York Knicks,89,0
Los Angeles Lakers,120,Houston Rockets,102,0
San Antonio Spurs,88,Minnesota Timberwolves,96,1
Toronto Raptors,105,Golden State Warriors,106,1
New York Knicks,88,Charlotte Hornets,109,1
Memphis Grizzlies,101,Cleveland Cavaliers,91,0
Milwaukee Bucks,121,Orlando Magic,99,0
Phoenix Suns,107,Washington Wizards,128,1
Philadelphia 76ers,94,Atlanta Hawks,112,1
Toronto Raptors,111,Portland Trail Blazers,112,1
Indiana Pacers,122,Sacramento Kings,127,1
Miami Heat,134,Philadelphia 76ers,137,1
Denver Nuggets,116,Brooklyn Nets,122,1
Utah Jazz,117,Cleveland Cavaliers,87,0
Los Angeles Lakers,117,Houston Rockets,100,0
San Antonio Spurs,112,Oklahoma City Thunder,102,0
Indiana Pacers,104,Golden State Warriors,95,0
Dallas Mavericks,104,Charlotte Hornets,93,0
Milwaukee Bucks,110,Detroit Pistons,101,0
Brooklyn Nets,116,New York Knicks,109,0
Memphis Grizzlies,118,Minnesota Timberwolves,107,0
Los Angeles Lakers,128,Oklahoma City Thunder,99,0
New Orleans Pelicans,106,Los Angeles Clippers,111,1
Portland Trail Blazers,132,Sacramento Kings,126,0
Miami Heat,108,Philadelphia 76ers,125,1
Houston Rockets,109,San Antonio Spurs,105,0
Charlotte Hornets,108,Toronto Raptors,111,1
Golden State Warriors,104,Denver Nuggets,114,1
Indiana Pacers,111,Portland Trail Blazers,87,0
Orlando Magic,97,Boston Celtics,124,1
New York Knicks,103,Cleveland Cavaliers,106,1
Dallas Mavericks,109,Milwaukee Bucks,112,1
Chicago Bulls,125,Oklahoma City Thunder,127,1
Atlanta Hawks,92,Utah Jazz,116,1
New Orleans Pelicans,95,Los Angeles Lakers,112,1
Los Angeles Clippers,138,Sacramento Kings,100,0
Houston Rockets,91,San Antonio Spurs,103,1
Orlando Magic,115,Brooklyn Nets,122,1
Charlotte Hornets,113,Toronto Raptors,116,1
Philadelphia 76ers,104,Memphis Grizzlies,106,1
Detroit Pistons,120,Miami Heat,100,0
Atlanta Hawks,106,Portland Trail Blazers,112,1
New York Knicks,105,Boston Celtics,75,0
Chicago Bulls,117,Dallas Mavericks,101,0
Utah Jazz,109,Denver Nuggets,105,0
New Orleans Pelicans,128,Sacramento Kings,123,0
Indiana Pacers,96,Los Angeles Clippers,129,1
Orlando Magic,84,New York Knicks,91,1
Minnesota Timberwolves,97,Atlanta Hawks,108,1
San Antonio Spurs,125,Portland Trail Blazers,104,0
Phoenix Suns,104,Memphis Grizzlies,108,1
Milwaukee Bucks,123,Brooklyn Nets,125,1
Dallas Mavericks,93,Toronto Raptors,116,1
Houston Rockets,120,Chicago Bulls,125,1
Detroit Pistons,107,Miami Heat,113,1
Golden State Warriors,115,Los Angeles Lakers,113,0
Oklahoma City Thunder,101,Denver Nuggets,119,1
New Orleans Pelicans,102,Utah Jazz,118,1
Brooklyn Nets,135,Cleveland Cavaliers,147,1
Dallas Mavericks,124,Indiana Pacers,112,0
Boston Celtics,109,Philadelphia 76ers,117,1
Detroit Pistons,115,Atlanta Hawks,123,1
Miami Heat,111,Toronto Raptors,102,0
Orlando Magic,97,Minnesota Timberwolves,96,0
Phoenix Suns,109,Houston Rockets,103,0
San Antonio Spurs,99,Golden State Warriors,121,1
Sacramento Kings,96,Los Angeles Clippers,115,1
Los Angeles Lakers,113,Milwaukee Bucks,106,0
New York Knicks,119,Golden State Warriors,104,0
New Orleans Pelicans,118,Utah Jazz,129,1
Chicago Bulls,123,Charlotte Hornets,110,0
Houston Rockets,103,Detroit Pistons,102,0
Orlando Magic,118,Indiana Pacers,120,1
Brooklyn Nets,113,Cleveland Cavaliers,125,1
Boston Celtics,110,Philadelphia 76ers,122,1
Miami Heat,81,Toronto Raptors,101,1
Atlanta Hawks,116,Minnesota Timberwolves,98,0
Dallas Mavericks,122,San Antonio Spurs,117,0
Oklahoma City Thunder,106,Los Angeles Clippers,120,1
Denver Nuggets,130,Phoenix Suns,126,0
New York Knicks,94,Sacramento Kings,103,1
Miami Heat,124,Brooklyn Nets,128,1
Philadelphia 76ers,114,Detroit Pistons,110,0
New Orleans Pelicans,110,Minnesota Timberwolves,120,1
Los Angeles Lakers,101,Chicago Bulls,90,0
Houston Rockets,133,Dallas Mavericks,108,0
Denver Nuggets,120,Phoenix Suns,112,0
Golden State Warriors,108,Utah Jazz,127,1
Toronto Raptors,107,Indiana Pacers,102,0
Oklahoma City Thunder,100,Los Angeles Clippers,108,1
Cleveland Cavaliers,103,Boston Celtics,141,1
Charlotte Hornets,107,Orlando Magic,104,0
Atlanta Hawks,115,Milwaukee Bucks,129,1
Washington Wizards,101,San Antonio Spurs,121,1
New York Knicks,113,Portland Trail Blazers,116,1
Philadelphia 76ers,104,Detroit Pistons,119,1
Toronto Raptors,114,Indiana Pacers,129,1
Charlotte Hornets,108,Orlando Magic,117,1
Miami Heat,85,Brooklyn Nets,98,1
Los Angeles Lakers,115,Cleveland Cavaliers,108,0
Denver Nuggets,117,Dallas Mavericks,113,0
Boston Celtics,119,Chicago Bulls,103,0
Minnesota Timberwolves,108,Golden State Warriors,130,1
Oklahoma City Thunder,125,Portland Trail Blazers,122,0
Los Angeles Clippers,99,Atlanta Hawks,108,1
Washington Wizards,88,Houston Rockets,107,1
New York Knicks,94,Utah Jazz,108,1
Indiana Pacers,116,Charlotte Hornets,106,0
Detroit Pistons,107,Cleveland Cavaliers,122,1
Sacramento Kings,121,Orlando Magic,107,0
Brooklyn Nets,132,Atlanta Hawks,128,0
Denver Nuggets,109,Miami Heat,82,0
Los Angeles Lakers,106,Philadelphia 76ers,107,1
Milwaukee Bucks,115,Toronto Raptors,108,0
Boston Celtics,106,San Antonio Spurs,110,1
Washington Wizards,106,New Orleans Pelicans,124,1
Oklahoma City Thunder,102,Phoenix Suns,97,0
Dallas Mavericks,104,Utah Jazz,116,1
Minnesota Timberwolves,111,Golden State Warriors,123,1
Portland Trail Blazers,101,Houston Rockets,104,1
Los Angeles Lakers,92,Detroit Pistons,107,1
Los Angeles Clippers,109,Miami Heat,105,0
Golden State Warriors,93,Phoenix Suns,114,1
Indiana Pacers,105,Charlotte Hornets,108,1
Atlanta Hawks,116,Washington Wizards,100,0
Milwaukee Bucks,126,New Orleans Pelicans,131,1
Cleveland Cavaliers,81,New York Knicks,102,1
Sacramento Kings,126,Toronto Raptors,124,0
Philadelphia 76ers,118,Minnesota Timberwolves,94,0
Brooklyn Nets,147,Oklahoma City Thunder,125,0
Los Angeles Clippers,116,Orlando Magic,90,0
Denver Nuggets,109,San Antonio Spurs,119,1
Dallas Mavericks,101,Utah Jazz,120,1
Portland Trail Blazers,123,Chicago Bulls,122,0
Milwaukee Bucks,114,Charlotte Hornets,126,1
Sacramento Kings,104,Miami Heat,105,1
Houston Rockets,126,New Orleans Pelicans,112,0
Los Angeles Lakers,96,Boston Celtics,95,0
Memphis Grizzlies,129,San Antonio Spurs,112,0
Phoenix Suns,111,Dallas Mavericks,105,0
Detroit Pistons,91,Golden State Warriors,118,1
Los Angeles Clippers,129,New York Knicks,115,0
Utah Jazz,117,Denver Nuggets,128,1
Philadelphia 76ers,119,Indiana Pacers,110,0
Orlando Magic,102,Toronto Raptors,115,1
Brooklyn Nets,146,Washington Wizards,149,1
Cleveland Cavaliers,104,Minnesota Timberwolves,109,1
Los Angeles Lakers,107,Atlanta Hawks,99,0
Charlotte Hornets,129,Miami Heat,121,0
New York Knicks,102,Chicago Bulls,110,1
Minnesota Timberwolves,98,Cleveland Cavaliers,100,1
Portland Trail Blazers,106,Milwaukee Bucks,134,1
Sacramento Kings,118,New Orleans Pelicans,109,0
Houston Rockets,136,Oklahoma City Thunder,106,0
Phoenix Suns,109,Dallas Mavericks,108,0
Memphis Grizzlies,133,San Antonio Spurs,102,0
Toronto Raptors,123,Orlando Magic,108,0
Los Angeles Clippers,120,Brooklyn Nets,124,1
Memphis Grizzlies,116,Indiana Pacers,134,1
Portland Trail Blazers,132,Washington Wizards,121,0
Boston Celtics,111,Golden State Warriors,107,0
Detroit Pistons,105,Utah Jazz,117,1
Philadelphia 76ers,118,Charlotte Hornets,111,0
Indiana Pacers,110,Milwaukee Bucks,130,1
Dallas Mavericks,122,Atlanta Hawks,116,0
New York Knicks,107,Chicago Bulls,103,0
Los Angeles Clippers,121,Cleveland Cavaliers,99,0
Washington Wizards,103,Miami Heat,100,0
Houston Rockets,87,Oklahoma City Thunder,104,1
Minnesota Timberwolves,108,San Antonio Spurs,111,1
Phoenix Suns,101,New Orleans Pelicans,123,1
Boston Celtics,111,Sacramento Kings,116,1
Utah Jazz,112,Atlanta Hawks,91,0
Golden State Warriors,147,Dallas Mavericks,116,0
Portland Trail Blazers,121,Philadelphia 76ers,105,0
Houston Rockets,115,Memphis Grizzlies,103,0
Denver Nuggets,93,Los Angeles Lakers,114,1
New Orleans Pelicans,114,Indiana Pacers,113,0
Chicago Bulls,119,Orlando Magic,123,1
Toronto Raptors,123,Brooklyn Nets,117,0
Milwaukee Bucks,123,Cleveland Cavaliers,105,0
Utah Jazz,138,Charlotte Hornets,121,0
Washington Wizards,95,Miami Heat,122,1
Minnesota Timberwolves,106,Oklahoma City Thunder,103,0
Detroit Pistons,92,Phoenix Suns,109,1
Boston Celtics,119,Los Angeles Clippers,115,0
Portland Trail Blazers,99,New York Knicks,110,1
Denver Nuggets,114,Sacramento Kings,119,1
Chicago Bulls,118,Orlando Magic,92,0
Toronto Raptors,121,Atlanta Hawks,132,1
Milwaukee Bucks,124,Cleveland Cavaliers,99,0
San Antonio Spurs,111,Houston Rockets,106,0
Minnesota Timberwolves,118,Oklahoma City Thunder,120,1
Brooklyn Nets,108,Philadelphia 76ers,124,1
Golden State Warriors,132,Dallas Mavericks,134,1
Memphis Grizzlies,109,New Orleans Pelicans,118,1
Detroit Pistons,129,Los Angeles Lakers,135,1
Washington Wizards,97,Charlotte Hornets,119,1
Utah Jazz,103,Indiana Pacers,95,0
Miami Heat,109,New York Knicks,103,0
Boston Celtics,91,Phoenix Suns,100,1
Sacramento Kings,113,Los Angeles Clippers,110,0
Houston Rockets,94,Charlotte Hornets,119,1
Washington Wizards,105,Chicago Bulls,101,0
Toronto Raptors,128,Memphis Grizzlies,113,0
Minnesota Timberwolves,122,Dallas Mavericks,127,1
Golden State Warriors,100,San Antonio Spurs,105,1
Cleveland Cavaliers,113,Phoenix Suns,119,1
Milwaukee Bucks,125,Denver Nuggets,112,0
Oklahoma City Thunder,112,Los Angeles Lakers,119,1
Brooklyn Nets,111,Detroit Pistons,122,1
New York Knicks,96,Miami Heat,98,1
Houston Rockets,101,New Orleans Pelicans,130,1
Golden State Warriors,114,San Antonio Spurs,91,0
Orlando Magic,97,Portland Trail Blazers,106,1
Philadelphia 76ers,119,Sacramento Kings,111,0
Boston Celtics,108,Utah Jazz,122,1
Toronto Raptors,137,Washington Wizards,115,0
Atlanta Hawks,117,Dallas Mavericks,118,1
Indiana Pacers,94,Brooklyn Nets,104,1
Charlotte Hornets,114,Memphis Grizzlies,130,1
Los Angeles Clippers,119,Minnesota Timberwolves,112,0
New Orleans Pelicans,116,Chicago Bulls,129,1
Cleveland Cavaliers,95,Denver Nuggets,133,1
Oklahoma City Thunder,113,Los Angeles Lakers,114,1
Milwaukee Bucks,124,Phoenix Suns,125,1
Toronto Raptors,106,Boston Celtics,120,1
Miami Heat,101,Houston Rockets,94,0
Indiana Pacers,111,Detroit Pistons,95,0
Orlando Magic,105,Golden State Warriors,111,1
Philadelphia 76ers,114,Portland Trail Blazers,118,1
Minnesota Timberwolves,114,Charlotte Hornets,120,1
New York Knicks,109,Washington Wizards,91,0
San Antonio Spurs,125,Atlanta Hawks,114,0
New Orleans Pelicans,130,Dallas Mavericks,143,1
Detroit Pistons,108,Boston Celtics,102,0
Los Angeles Clippers,125,Chicago Bulls,106,0
Oklahoma City Thunder,95,Denver Nuggets,97,1
Milwaukee Bucks,115,Utah Jazz,129,1
Memphis Grizzlies,105,Los Angeles Lakers,115,1
Cleveland Cavaliers,110,Portland Trail Blazers,129,1
Orlando Magic,123,Sacramento Kings,112,0
Philadelphia 76ers,111,Phoenix Suns,120,1
Indiana Pacers,125,Atlanta Hawks,113,0
Houston Rockets,99,New York Knicks,121,1
Brooklyn Nets,134,Golden State Warriors,117,0
Miami Heat,94,Utah Jazz,112,1
Boston Celtics,91,Washington Wizards,104,1
San Antonio Spurs,122,Charlotte Hornets,110,0
New Orleans Pelicans,112,Detroit Pistons,123,1
Minnesota Timberwolves,116,Toronto Raptors,112,0
Portland Trail Blazers,121,Dallas Mavericks,118,0
Milwaukee Bucks,109,Oklahoma City Thunder,114,1
Orlando Magic,90,Phoenix Suns,109,1
Los Angeles Lakers,105,Denver Nuggets,122,1
Cleveland Cavaliers,111,Los Angeles Clippers,128,1
Memphis Grizzlies,124,Sacramento Kings,110,0
Chicago Bulls,120,Indiana Pacers,112,0
Houston Rockets,119,Washington Wizards,131,1
Atlanta Hawks,112,New York Knicks,123,1
Philadelphia 76ers,123,Utah Jazz,134,1
Cleveland Cavaliers,98,Golden State Warriors,129,1
Miami Heat,118,Los Angeles Clippers,125,1
Brooklyn Nets,136,Sacramento Kings,125,0
Denver Nuggets,99,Boston Celtics,112,1
New Orleans Pelicans,144,Memphis Grizzlies,113,0
Toronto Raptors,124,Milwaukee Bucks,113,0
Los Angeles Lakers,112,Minnesota Timberwolves,104,0
Portland Trail Blazers,115,Oklahoma City Thunder,104,0
Brooklyn Nets,128,Phoenix Suns,124,0
New York Knicks,89,Orlando Magic,107,1
Atlanta Hawks,122,Boston Celtics,114,0
Houston Rockets,113,Philadelphia 76ers,118,1
Detroit Pistons,102,Chicago Bulls,105,1
Indiana Pacers,134,Minnesota Timberwolves,128,0
Denver Nuggets,128,Washington Wizards,130,1
Oklahoma City Thunder,113,Memphis Grizzlies,122,1
Portland Trail Blazers,126,New Orleans Pelicans,124,0
Miami Heat,112,Golden State Warriors,120,1
Utah Jazz,114,Los Angeles Clippers,96,0
Toronto Raptors,110,Milwaukee Bucks,96,0
Brooklyn Nets,109,Los Angeles Lakers,98,0
Miami Heat,118,Sacramento Kings,110,0
Denver Nuggets,120,Cleveland Cavaliers,103,0
Golden State Warriors,120,Orlando Magic,124,1
Atlanta Hawks,109,Boston Celtics,121,1
Chicago Bulls,105,Philadelphia 76ers,112,1
Detroit Pistons,95,Memphis Grizzlies,109,1
Oklahoma City Thunder,85,Milwaukee Bucks,98,1
Phoenix Suns,132,New Orleans Pelicans,114,0
Toronto Raptors,86,Minnesota Timberwolves,81,0
Utah Jazz,112,Los Angeles Clippers,116,1
Golden State Warriors,100,Charlotte Hornets,102,1
Miami Heat,96,Los Angeles Lakers,94,0
Sacramento Kings,114,Chicago Bulls,122,1
Phoenix Suns,128,Memphis Grizzlies,97,0
Washington Wizards,118,Portland Trail Blazers,111,0
Boston Celtics,115,New Orleans Pelicans,120,1
Oklahoma City Thunder,117,Cleveland Cavaliers,101,0
Minnesota Timberwolves,99,New York Knicks,103,1
Detroit Pistons,96,Orlando Magic,105,1
Philadelphia 76ers,103,Toronto Raptors,110,1
Denver Nuggets,115,Atlanta Hawks,123,1
Brooklyn Nets,112,Los Angeles Clippers,108,0
Sacramento Kings,115,Milwaukee Bucks,128,1
Chicago Bulls,120,Houston Rockets,100,0
Memphis Grizzlies,92,Dallas Mavericks,102,1
Miami Heat,108,Oklahoma City Thunder,94,0
Portland Trail Blazers,100,Phoenix Suns,132,1
Charlotte Hornets,110,Utah Jazz,132,1
Washington Wizards,127,Los Angeles Lakers,124,0
Atlanta Hawks,111,Cleveland Cavaliers,112,1
Detroit Pistons,105,Orlando Magic,93,0
Sacramento Kings,118,Brooklyn Nets,127,1
Boston Celtics,107,Dallas Mavericks,110,1
Golden State Warriors,114,New York Knicks,106,0
Philadelphia 76ers,109,Toronto Raptors,102,0
Minnesota Timberwolves,112,Milwaukee Bucks,139,1
Portland Trail Blazers,106,Denver Nuggets,111,1
Washington Wizards,116,Los Angeles Clippers,135,1
Boston Celtics,112,Atlanta Hawks,127,1
Houston Rockets,96,Cleveland Cavaliers,112,1
Golden State Warriors,111,Indiana Pacers,107,0
Minnesota Timberwolves,126,Chicago Bulls,133,1
Toronto Raptors,108,Miami Heat,116,1
Detroit Pistons,118,New Orleans Pelicans,128,1
San Antonio Spurs,99,Oklahoma City Thunder,102,1
Charlotte Hornets,124,Phoenix Suns,121,0
Los Angeles Lakers,89,Utah Jazz,114,1
Dallas Mavericks,97,Philadelphia 76ers,111,1
Orlando Magic,92,Brooklyn Nets,129,1
Sacramento Kings,121,New York Knicks,140,1
Los Angeles Clippers,94,Memphis Grizzlies,122,1
Washington Wizards,112,Denver Nuggets,110,0
New Orleans Pelicans,125,Milwaukee Bucks,129,1
Indiana Pacers,112,Boston Celtics,118,1
Houston Rockets,111,Toronto Raptors,122,1
Phoenix Suns,106,Chicago Bulls,97,0
Sacramento Kings,110,Detroit Pistons,107,0
Los Angeles Clippers,119,Memphis Grizzlies,99,0
Utah Jazz,116,Miami Heat,124,1
Atlanta Hawks,109,Oklahoma City Thunder,118,1
Charlotte Hornets,121,Golden State Warriors,130,1
Portland Trail Blazers,93,Los Angeles Lakers,102,1
Cleveland Cavaliers,112,Philadelphia 76ers,109,0
Minnesota Timberwolves,112,Washington Wizards,128,1
Indiana Pacers,107,New York Knicks,110,1
Denver Nuggets,126,Oklahoma City Thunder,96,0
Utah Jazz,124,Orlando Magic,109,0
New Orleans Pelicans,114,San Antonio Spurs,117,1
Dallas Mavericks,115,Brooklyn Nets,98,0
Los Angeles Clippers,100,Milwaukee Bucks,105,1
Washington Wizards,110,Boston Celtics,111,1
New York Knicks,109,Detroit Pistons,90,0
Memphis Grizzlies,133,Houston Rockets,84,0
Golden State Warriors,91,Los Angeles Lakers,117,1
Atlanta Hawks,99,Miami Heat,109,1
Phoenix Suns,118,Minnesota Timberwolves,99,0
Charlotte Hornets,127,Sacramento Kings,126,0
Dallas Mavericks,130,Orlando Magic,124,0
Indiana Pacers,114,Philadelphia 76ers,130,1
Denver Nuggets,118,Chicago Bulls,112,0
Utah Jazz,124,New Orleans Pelicans,129,1
Brooklyn Nets,124,San Antonio Spurs,113,0
Cleveland Cavaliers,101,Houston Rockets,90,0
Charlotte Hornets,111,Portland Trail Blazers,123,1
Memphis Grizzlies,125,Washington Wizards,111,0
Los Angeles Clippers,112,Boston Celtics,117,1
Atlanta Hawks,94,Miami Heat,80,0
New York Knicks,93,San Antonio Spurs,119,1
Denver Nuggets,128,Milwaukee Bucks,97,0
Phoenix Suns,114,Los Angeles Lakers,104,0
Indiana Pacers,114,Cleveland Cavaliers,111,0
Utah Jazz,123,Philadelphia 76ers,131,1
Detroit Pistons,129,Toronto Raptors,105,0
Brooklyn Nets,132,Houston Rockets,114,0
Charlotte Hornets,135,Minnesota Timberwolves,102,0
Chicago Bulls,128,New Orleans Pelicans,124,0
Atlanta Hawks,115,Orlando Magic,112,0
Oklahoma City Thunder,78,Dallas Mavericks,87,1
Golden State Warriors,106,Portland Trail Blazers,108,1
Los Angeles Lakers,120,Sacramento Kings,123,1
Toronto Raptors,125,Boston Celtics,132,1
Los Angeles Clippers,117,Washington Wizards,119,1
Detroit Pistons,104,New York Knicks,114,1
Denver Nuggets,113,Indiana Pacers,103,0
Milwaukee Bucks,112,Memphis Grizzlies,111,0
Miami Heat,103,New Orleans Pelicans,93,0
Oklahoma City Thunder,107,San Antonio Spurs,102,0
Golden State Warriors,98,Phoenix Suns,120,1
Sacramento Kings,119,Portland Trail Blazers,123,1
Washington Wizards,112,Memphis Grizzlies,127,1
San Antonio Spurs,104,Dallas Mavericks,115,1
Detroit Pistons,102,Charlotte Hornets,105,1
Boston Celtics,109,Brooklyn Nets,121,1
Atlanta Hawks,121,Toronto Raptors,120,0
Philadelphia 76ers,127,Chicago Bulls,105,0
Orlando Magic,103,Miami Heat,111,1
New York Knicks,101,Milwaukee Bucks,134,1
Minnesota Timberwolves,135,New Orleans Pelicans,105,0
Dallas Mavericks,108,Oklahoma City Thunder,116,1
Golden State Warriors,104,Los Angeles Clippers,130,1
Phoenix Suns,127,Portland Trail Blazers,121,0
Houston Rockets,105,Sacramento Kings,125,1
Denver Nuggets,103,Memphis Grizzlies,102,0
Cleveland Cavaliers,82,New Orleans Pelicans,116,1
Philadelphia 76ers,127,Washington Wizards,101,0
Miami Heat,101,Chicago Bulls,90,0
Orlando Magic,77,San Antonio Spurs,104,1
Houston Rockets,99,Utah Jazz,114,1
Indiana Pacers,100,Los Angeles Lakers,105,1
New York Knicks,119,Oklahoma City Thunder,97,0
Detroit Pistons,95,Brooklyn Nets,100,1
Toronto Raptors,104,Charlotte Hornets,114,1
Milwaukee Bucks,125,Washington Wizards,119,0
Sacramento Kings,106,Atlanta Hawks,121,1
Portland Trail Blazers,125,Minnesota Timberwolves,121,0
Dallas Mavericks,116,Denver Nuggets,103,0
Indiana Pacers,122,Phoenix Suns,111,0
Memphis Grizzlies,122,Oklahoma City Thunder,128,1
Utah Jazz,119,Golden State Warriors,131,1
San Antonio Spurs,99,Philadelphia 76ers,134,1
Miami Heat,102,Orlando Magic,97,0
Cleveland Cavaliers,82,Atlanta Hawks,100,1
Boston Celtics,134,Houston Rockets,107,0
Portland Trail Blazers,112,Minnesota Timberwolves,114,1
Toronto Raptors,95,Chicago Bulls,118,1
Los Angeles Clippers,115,New Orleans Pelicans,135,1
Sacramento Kings,116,Charlotte Hornets,122,1
Milwaukee Bucks,133,Washington Wizards,122,0
New York Knicks,112,Brooklyn Nets,117,1
San Antonio Spurs,109,Detroit Pistons,99,0
Los Angeles Clippers,109,Dallas Mavericks,99,0
Indiana Pacers,106,Denver Nuggets,121,1
Memphis Grizzlies,99,Phoenix Suns,122,1
Los Angeles Lakers,128,Golden State Warriors,97,0
Utah Jazz,117,Boston Celtics,109,0
Oklahoma City Thunder,102,Chicago Bulls,123,1
Atlanta Hawks,119,Houston Rockets,107,0
Cleveland Cavaliers,98,Miami Heat,113,1
New York Knicks,96,Philadelphia 76ers,99,1
New Orleans Pelicans,124,Portland Trail Blazers,125,1
Minnesota Timberwolves,121,Los Angeles Lakers,137,1
Toronto Raptors,112,Detroit Pistons,116,1
Brooklyn Nets,124,Indiana Pacers,115,0
Milwaukee Bucks,109,Philadelphia 76ers,105,0
Sacramento Kings,121,Washington Wizards,119,0
San Antonio Spurs,106,Chicago Bulls,99,0
Boston Celtics,110,Cleveland Cavaliers,117,1
Golden State Warriors,108,Houston Rockets,94,0
Charlotte Hornets,104,Denver Nuggets,129,1
Miami Heat,85,Memphis Grizzlies,89,1
Los Angeles Clippers,89,Dallas Mavericks,105,1
Utah Jazz,122,Washington Wizards,131,1
Oklahoma City Thunder,93,Atlanta Hawks,116,1
Orlando Magic,93,New York Knicks,94,1
Minnesota Timberwolves,123,Phoenix Suns,119,0
New Orleans Pelicans,93,Portland Trail Blazers,101,1
Charlotte Hornets,105,Los Angeles Lakers,116,1
Sacramento Kings,107,Boston Celtics,96,0
San Antonio Spurs,116,Cleveland Cavaliers,110,0
Detroit Pistons,113,Houston Rockets,100,0
Golden State Warriors,116,Memphis Grizzlies,103,0
Indiana Pacers,137,Miami Heat,110,0
Brooklyn Nets,113,Orlando Magic,121,1
Utah Jazz,115,Toronto Raptors,112,0
Chicago Bulls,127,Denver Nuggets,131,1
Minnesota Timberwolves,101,Phoenix Suns,113,1
Dallas Mavericks,119,Portland Trail Blazers,125,1
Atlanta Hawks,99,Los Angeles Lakers,94,0
Golden State Warriors,103,Memphis Grizzlies,111,1
Sacramento Kings,105,Philadelphia 76ers,129,1
San Antonio Spurs,113,Milwaukee Bucks,120,1
Charlotte Hornets,98,Los Angeles Clippers,125,1
Indiana Pacers,109,Miami Heat,106,0
Oklahoma City Thunder,114,Houston Rockets,112,0
New Orleans Pelicans,113,Denver Nuggets,108,0
Orlando Magic,96,Boston Celtics,112,1
Washington Wizards,106,Brooklyn Nets,113,1
Toronto Raptors,105,Cleveland Cavaliers,116,1
Chicago Bulls,100,Detroit Pistons,86,0
Philadelphia 76ers,101,New York Knicks,100,0
Los Angeles Lakers,94,Phoenix Suns,111,1
Dallas Mavericks,132,Portland Trail Blazers,92,0
Sacramento Kings,119,Cleveland Cavaliers,105,0
Oklahoma City Thunder,112,Minnesota Timberwolves,103,0
Charlotte Hornets,100,San Antonio Spurs,97,0
Utah Jazz,120,Chicago Bulls,95,0
Toronto Raptors,99,Houston Rockets,117,1
Boston Celtics,126,Memphis Grizzlies,132,1
Indiana Pacers,113,Milwaukee Bucks,140,1
Atlanta Hawks,110,Los Angeles Clippers,119,1
Denver Nuggets,110,Orlando Magic,99,0
Los Angeles Lakers,111,New Orleans Pelicans,128,1
Washington Wizards,113,New York Knicks,131,1
Phoenix Suns,110,Miami Heat,100,0
Philadelphia 76ers,108,Golden State Warriors,98,0
Brooklyn Nets,116,Portland Trail Blazers,112,0
Detroit Pistons,111,Indiana Pacers,116,1
Boston Celtics,119,Milwaukee Bucks,121,1
Denver Nuggets,111,Toronto Raptors,135,1
Cleveland Cavaliers,103,Chicago Bulls,94,0
Charlotte Hornets,122,Houston Rockets,97,0
Dallas Mavericks,128,Minnesota Timberwolves,108,0
Memphis Grizzlies,116,Oklahoma City Thunder,107,0
Phoenix Suns,111,Orlando Magic,112,1
Los Angeles Clippers,134,San Antonio Spurs,101,0
Atlanta Hawks,108,Sacramento Kings,110,1
Brooklyn Nets,88,Utah Jazz,118,1
Portland Trail Blazers,125,Miami Heat,122,0
Washington Wizards,102,New York Knicks,106,1
Los Angeles Clippers,98,San Antonio Spurs,85,0
Philadelphia 76ers,109,Los Angeles Lakers,101,0
Golden State Warriors,119,Sacramento Kings,141,1
Brooklyn Nets,113,Detroit Pistons,111,0
Boston Celtics,122,Milwaukee Bucks,114,0
Phoenix Suns,104,Toronto Raptors,100,0
Miami Heat,105,Charlotte Hornets,110,1
Houston Rockets,101,Minnesota Timberwolves,107,1
Denver Nuggets,113,New Orleans Pelicans,108,0
Portland Trail Blazers,112,Orlando Magic,105,0
Indiana Pacers,109,Dallas Mavericks,94,0
Memphis Grizzlies,114,Utah Jazz,117,1
Atlanta Hawks,124,Golden State Warriors,108,0
Cleveland Cavaliers,86,Los Angeles Lakers,100,1
New York Knicks,102,Milwaukee Bucks,96,0
Houston Rockets,129,Minnesota Timberwolves,107,0
Detroit Pistons,92,Washington Wizards,106,1
Chicago Bulls,104,San Antonio Spurs,120,1
Dallas Mavericks,103,New Orleans Pelicans,112,1
Boston Celtics,111,Oklahoma City Thunder,94,0
Memphis Grizzlies,110,Utah Jazz,126,1
Philadelphia 76ers,112,Los Angeles Clippers,122,1
Cleveland Cavaliers,98,Sacramento Kings,100,1
Phoenix Suns,101,Charlotte Hornets,97,0
Portland Trail Blazers,122,Toronto Raptors,117,0
Atlanta Hawks,102,Denver Nuggets,126,1
Orlando Magic,93,Los Angeles Lakers,96,1
Indiana Pacers,124,Washington Wizards,132,1
New Orleans Pelicans,115,Boston Celtics,109,0
Minnesota Timberwolves,107,Brooklyn Nets,112,1
Miami Heat,98,New York Knicks,88,0
Toronto Raptors,104,Detroit Pistons,118,1
Memphis Grizzlies,120,Houston Rockets,110,0
Dallas Mavericks,127,Oklahoma City Thunder,106,0
Sacramento Kings,132,San Antonio Spurs,115,0
Cleveland Cavaliers,75,Utah Jazz,114,1
Chicago Bulls,102,Golden State Warriors,116,1
Milwaukee Bucks,105,Los Angeles Clippers,129,1
Charlotte Hornets,114,Washington Wizards,104,0
Philadelphia 76ers,95,Denver Nuggets,104,1
Orlando Magic,103,Los Angeles Clippers,96,0
Atlanta Hawks,110,Phoenix Suns,117,1
Portland Trail Blazers,124,Detroit Pistons,101,0
Miami Heat,92,Indiana Pacers,87,0
Dallas Mavericks,113,Boston Celtics,108,0
Houston Rockets,108,Brooklyn Nets,120,1
Utah Jazz,111,Memphis Grizzlies,107,0
New York Knicks,101,Minnesota Timberwolves,102,1
Toronto Raptors,103,Oklahoma City Thunder,113,1
Sacramento Kings,106,San Antonio Spurs,120,1
Milwaukee Bucks,112,Los Angeles Lakers,97,0
Chicago Bulls,116,Phoenix Suns,121,1
Philadelphia 76ers,114,Cleveland Cavaliers,94,0
Washington Wizards,91,Detroit Pistons,120,1
Charlotte Hornets,89,Brooklyn Nets,111,1
Golden State Warriors,109,Miami Heat,116,1
Orlando Magic,115,New Orleans Pelicans,110,0
Atlanta Hawks,134,San Antonio Spurs,129,0
Denver Nuggets,101,Los Angeles Clippers,94,0
Golden State Warriors,77,Toronto Raptors,130,1
Houston Rockets,102,Boston Celtics,118,1
Dallas Mavericks,99,New York Knicks,86,0
Charlotte Hornets,114,Indiana Pacers,97,0
Minnesota Timberwolves,108,Memphis Grizzlies,120,1
Atlanta Hawks,126,New Orleans Pelicans,103,0
Chicago Bulls,106,Utah Jazz,113,1
Oklahoma City Thunder,103,Phoenix Suns,140,1
Milwaukee Bucks,127,Portland Trail Blazers,109,0
Los Angeles Lakers,115,Sacramento Kings,94,0
Dallas Mavericks,109,Washington Wizards,87,0
New York Knicks,125,Detroit Pistons,81,0
Cleveland Cavaliers,101,Miami Heat,115,1
Minnesota Timberwolves,113,Philadelphia 76ers,122,1
Indiana Pacers,139,San Antonio Spurs,133,0
Orlando Magic,91,Utah Jazz,137,1
Oklahoma City Thunder,85,Portland Trail Blazers,133,1
Milwaukee Bucks,129,Sacramento Kings,128,0
Brooklyn Nets,107,Chicago Bulls,115,1
Los Angeles Lakers,86,Los Angeles Clippers,104,1
Charlotte Hornets,86,Boston Celtics,116,1
Memphis Grizzlies,116,Philadelphia 76ers,100,0
Golden State Warriors,111,Atlanta Hawks,117,1
New Orleans Pelicans,122,Houston Rockets,115,0
Orlando Magic,109,Denver Nuggets,119,1
New York Knicks,112,Brooklyn Nets,114,1
Utah Jazz,103,Dallas Mavericks,111,1
Sacramento Kings,106,Minnesota Timberwolves,116,1
Detroit Pistons,132,Oklahoma City Thunder,108,0
Cleveland Cavaliers,125,San Antonio Spurs,101,0
Washington Wizards,101,Toronto Raptors,103,1
Phoenix Suns,133,Houston Rockets,130,0
Chicago Bulls,113,Indiana Pacers,97,0
New Orleans Pelicans,107,Atlanta Hawks,123,1
Philadelphia 76ers,106,Boston Celtics,96,0
Los Angeles Lakers,110,Toronto Raptors,101,0
Memphis Grizzlies,124,Miami Heat,112,0
Detroit Pistons,119,Denver Nuggets,134,1
Milwaukee Bucks,121,Golden State Warriors,122,1
Portland Trail Blazers,116,Los Angeles Clippers,133,1
Minnesota Timberwolves,137,Indiana Pacers,141,1
Washington Wizards,131,Orlando Magic,116,0
New York Knicks,99,Boston Celtics,101,1
New Orleans Pelicans,111,Brooklyn Nets,139,1
Memphis Grizzlies,131,Atlanta Hawks,113,0
Dallas Mavericks,93,Houston Rockets,102,1
Charlotte Hornets,113,Oklahoma City Thunder,102,0
San Antonio Spurs,96,Denver Nuggets,106,1
Utah Jazz,113,Phoenix Suns,117,1
Los Angeles Lakers,104,Miami Heat,110,1
Chicago Bulls,122,Toronto Raptors,113,0
Cleveland Cavaliers,129,Oklahoma City Thunder,102,0
Milwaukee Bucks,101,Dallas Mavericks,116,1
Phoenix Suns,103,Los Angeles Clippers,113,1
Detroit Pistons,113,Sacramento Kings,101,0
Portland Trail Blazers,103,Utah Jazz,122,1
Indiana Pacers,111,Orlando Magic,106,0
Minnesota Timberwolves,136,Boston Celtics,145,1
Memphis Grizzlies,129,New York Knicks,133,1
Chicago Bulls,108,Atlanta Hawks,120,1
Philadelphia 76ers,94,New Orleans Pelicans,101,1
San Antonio Spurs,119,Denver Nuggets,121,1
Charlotte Hornets,127,Milwaukee Bucks,119,0
Washington Wizards,110,Golden State Warriors,107,0
Houston Rockets,109,Los Angeles Clippers,126,1
Toronto Raptors,135,Cleveland Cavaliers,115,0
Los Angeles Lakers,126,Brooklyn Nets,101,0
Philadelphia 76ers,117,Oklahoma City Thunder,93,0
Sacramento Kings,112,Utah Jazz,128,1
Houston Rockets,109,Golden State Warriors,125,1
Washington Wizards,106,Phoenix Suns,134,1
Detroit Pistons,103,Portland Trail Blazers,118,1
Atlanta Hawks,105,Charlotte Hornets,101,0
Boston Celtics,105,Denver Nuggets,87,0
New Orleans Pelicans,116,Cleveland Cavaliers,109,0
Milwaukee Bucks,124,Orlando Magic,87,0
San Antonio Spurs,119,Dallas Mavericks,117,0
Indiana Pacers,132,Memphis Grizzlies,125,0
Chicago Bulls,117,Minnesota Timberwolves,121,1
Toronto Raptors,96,New York Knicks,102,1
Detroit Pistons,124,Los Angeles Clippers,131,1
Miami Heat,107,Portland Trail Blazers,98,0
Philadelphia 76ers,113,Dallas Mavericks,95,0
Los Angeles Lakers,96,New York Knicks,111,1
San Antonio Spurs,120,Orlando Magic,97,0
Chicago Bulls,90,Memphis Grizzlies,101,1
Sacramento Kings,110,New Orleans Pelicans,117,1
Washington Wizards,125,Utah Jazz,121,0
Denver Nuggets,107,Golden State Warriors,116,1
Houston Rockets,120,Phoenix Suns,126,1
Brooklyn Nets,127,Minnesota Timberwolves,97,0
Los Angeles Clippers,126,Indiana Pacers,115,0
Atlanta Hawks,108,Toronto Raptors,103,0
Los Angeles Lakers,101,Charlotte Hornets,93,0
Oklahoma City Thunder,96,Utah Jazz,106,1
Miami Heat,86,Phoenix Suns,106,1
Boston Celtics,116,Portland Trail Blazers,115,0
Milwaukee Bucks,130,Minnesota Timberwolves,105,0
Cleveland Cavaliers,103,Charlotte Hornets,90,0
Brooklyn Nets,117,Philadelphia 76ers,123,1
San Antonio Spurs,112,Toronto Raptors,117,1
Orlando Magic,115,Chicago Bulls,106,0
Los Angeles Clippers,100,Detroit Pistons,98,0
New York Knicks,116,New Orleans Pelicans,106,0
Indiana Pacers,132,Houston Rockets,124,0
Golden State Warriors,147,Oklahoma City Thunder,109,0
Dallas Mavericks,114,Memphis Grizzlies,113,0
Miami Heat,106,Denver Nuggets,123,1
Washington Wizards,123,Sacramento Kings,111,0
Milwaukee Bucks,120,Atlanta Hawks,109,0
Golden State Warriors,119,Cleveland Cavaliers,101,0
Boston Celtics,121,Los Angeles Lakers,113,0
Sacramento Kings,114,Phoenix Suns,122,1
Indiana Pacers,111,Utah Jazz,119,1
Oklahoma City Thunder,104,Detroit Pistons,110,1
Los Angeles Clippers,103,Philadelphia 76ers,106,1
New Orleans Pelicans,115,Washington Wizards,117,1
Charlotte Hornets,115,Brooklyn Nets,130,1
Orlando Magic,102,Toronto Raptors,113,1
Memphis Grizzlies,126,Chicago Bulls,115,0
Denver Nuggets,128,Houston Rockets,99,0
Miami Heat,111,Minnesota Timberwolves,119,1
Portland Trail Blazers,107,San Antonio Spurs,106,0
New York Knicks,117,Dallas Mavericks,109,0
Utah Jazz,115,Los Angeles Lakers,127,1
Cleveland Cavaliers,96,Chicago Bulls,106,1
Detroit Pistons,100,Washington Wizards,121,1
Golden State Warriors,114,Boston Celtics,119,1
Memphis Grizzlies,128,Milwaukee Bucks,115,0
San Antonio Spurs,111,Phoenix Suns,85,0
Indiana Pacers,117,Atlanta Hawks,129,1
New Orleans Pelicans,112,New York Knicks,122,1
Brooklyn Nets,107,Miami Heat,109,1
Portland Trail Blazers,101,Charlotte Hornets,109,1
Houston Rockets,114,Orlando Magic,110,0
Oklahoma City Thunder,106,Toronto Raptors,112,1
Sacramento Kings,121,Dallas Mavericks,107,0
Minnesota Timberwolves,105,Los Angeles Clippers,124,1
Cleveland Cavaliers,105,Detroit Pistons,109,1
Chicago Bulls,102,Boston Celtics,96,0
Golden State Warriors,107,Philadelphia 76ers,96,0
San Antonio Spurs,109,Indiana Pacers,94,0
Houston Rockets,91,Miami Heat,113,1
Phoenix Suns,128,Milwaukee Bucks,127,0
Oklahoma City Thunder,107,Washington Wizards,119,1
Memphis Grizzlies,137,Denver Nuggets,139,1
Utah Jazz,111,Los Angeles Lakers,97,0
Orlando Magic,96,Atlanta Hawks,112,1
Brooklyn Nets,134,New Orleans Pelicans,129,0
Charlotte Hornets,97,New York Knicks,109,1
Los Angeles Clippers,113,Portland Trail Blazers,112,0
Minnesota Timberwolves,134,Sacramento Kings,120,0
Chicago Bulls,105,Cleveland Cavaliers,121,1
Oklahoma City Thunder,116,Indiana Pacers,122,1
Phoenix Suns,116,Philadelphia 76ers,113,0
Brooklyn Nets,103,Toronto Raptors,114,1
Golden State Warriors,114,Washington Wizards,118,1
Utah Jazz,112,Houston Rockets,89,0
Atlanta Hawks,127,New York Knicks,137,1
Detroit Pistons,117,Dallas Mavericks,127,1
Miami Heat,107,San Antonio Spurs,87,0
Memphis Grizzlies,105,Los Angeles Clippers,117,1
Denver Nuggets,106,Portland Trail Blazers,105,0
Minnesota Timberwolves,125,Sacramento Kings,128,1
Phoenix Suns,86,Boston Celtics,99,1
Philadelphia 76ers,117,Milwaukee Bucks,124,1
New Orleans Pelicans,135,Orlando Magic,100,0
Detroit Pistons,91,San Antonio Spurs,106,1
Charlotte Hornets,91,Chicago Bulls,108,1
Los Angeles Lakers,110,Dallas Mavericks,115,1
Miami Heat,103,Atlanta Hawks,118,1
Boston Celtics,104,Brooklyn Nets,109,1
Cleveland Cavaliers,102,Charlotte Hornets,108,1
Los Angeles Clippers,109,Houston Rockets,104,0
Washington Wizards,129,Oklahoma City Thunder,109,0
Denver Nuggets,97,Golden State Warriors,118,1
Memphis Grizzlies,130,Portland Trail Blazers,128,0
Toronto Raptors,103,New York Knicks,120,1
Philadelphia 76ers,94,Milwaukee Bucks,132,1
Detroit Pistons,109,Indiana Pacers,115,1
Chicago Bulls,101,Miami Heat,106,1
San Antonio Spurs,110,New Orleans Pelicans,108,0
Los Angeles Lakers,93,Dallas Mavericks,108,1
Minnesota Timberwolves,101,Utah Jazz,96,0
Houston Rockets,116,Denver Nuggets,129,1
Boston Celtics,104,Charlotte Hornets,125,1
Phoenix Suns,119,Brooklyn Nets,128,1
Memphis Grizzlies,120,Portland Trail Blazers,113,0
Cleveland Cavaliers,110,Washington Wizards,119,1
Milwaukee Bucks,104,Atlanta Hawks,111,1
Indiana Pacers,131,Orlando Magic,112,0
Sacramento Kings,113,Golden State Warriors,117,1
Atlanta Hawks,86,Detroit Pistons,100,1
Los Angeles Lakers,114,Orlando Magic,103,0
Oklahoma City Thunder,90,Philadelphia 76ers,121,1
San Antonio Spurs,146,Washington Wizards,143,0
Phoenix Suns,118,New York Knicks,110,0
Cleveland Cavaliers,96,Toronto Raptors,112,1
Chicago Bulls,110,Miami Heat,102,0
Utah Jazz,104,Minnesota Timberwolves,105,1
Los Angeles Clippers,103,New Orleans Pelicans,120,1
Memphis Grizzlies,96,Denver Nuggets,120,1
Dallas Mavericks,106,Sacramento Kings,113,1
Oklahoma City Thunder,119,Boston Celtics,115,0
Milwaukee Bucks,114,Charlotte Hornets,104,0
Portland Trail Blazers,133,Indiana Pacers,112,0
Brooklyn Nets,116,Toronto Raptors,103,0
Minnesota Timberwolves,114,Houston Rockets,107,0
Dallas Mavericks,133,Golden State Warriors,103,0
Orlando Magic,109,Cleveland Cavaliers,104,0
Atlanta Hawks,83,Philadelphia 76ers,127,1
Charlotte Hornets,111,Boston Celtics,120,1
Chicago Bulls,94,New York Knicks,113,1
Los Angeles Lakers,107,Washington Wizards,116,1
San Antonio Spurs,111,Miami Heat,116,1
New Orleans Pelicans,112,Denver Nuggets,114,1
Portland Trail Blazers,130,Memphis Grizzlies,109,0
Los Angeles Clippers,101,Phoenix Suns,109,1
Utah Jazz,154,Sacramento Kings,105,0
Dallas Mavericks,115,Detroit Pistons,105,0
Brooklyn Nets,130,Indiana Pacers,113,0
Milwaukee Bucks,136,Houston Rockets,143,1
Golden State Warriors,114,Minnesota Timberwolves,126,1
Toronto Raptors,111,Denver Nuggets,121,1
New Orleans Pelicans,109,Oklahoma City Thunder,95,0
Atlanta Hawks,104,Philadelphia 76ers,126,1
San Antonio Spurs,140,Boston Celtics,143,1
Washington Wizards,122,Cleveland Cavaliers,93,0
Portland Trail Blazers,128,Brooklyn Nets,109,0
Orlando Magic,75,Memphis Grizzlies,92,1
Milwaukee Bucks,108,Chicago Bulls,98,0
Utah Jazz,100,Phoenix Suns,121,1
Sacramento Kings,110,Los Angeles Lakers,106,0
Detroit Pistons,94,Charlotte Hornets,107,1
Golden State Warriors,113,Houston Rockets,87,0
Chicago Bulls,97,Atlanta Hawks,108,1
Miami Heat,124,Cleveland Cavaliers,107,0
New Orleans Pelicans,140,Minnesota Timberwolves,136,0
Indiana Pacers,152,Oklahoma City Thunder,95,0
Memphis Grizzlies,111,Orlando Magic,112,1
Washington Wizards,124,Dallas Mavericks,125,1
Denver Nuggets,110,Los Angeles Clippers,104,0
Toronto Raptors,102,Utah Jazz,106,1
Brooklyn Nets,114,Milwaukee Bucks,117,1
Portland Trail Blazers,129,Boston Celtics,119,0
Miami Heat,121,Charlotte Hornets,111,0
Sacramento Kings,111,Dallas Mavericks,99,0
New York Knicks,122,Houston Rockets,97,0
Phoenix Suns,123,Oklahoma City Thunder,120,0
Philadelphia 76ers,113,San Antonio Spurs,111,0
Toronto Raptors,121,Los Angeles Lakers,114,0
Orlando Magic,119,Detroit Pistons,112,0
Indiana Pacers,141,Washington Wizards,154,1
Golden State Warriors,123,New Orleans Pelicans,108,0
Portland Trail Blazers,114,Atlanta Hawks,123,1
Philadelphia 76ers,106,Chicago Bulls,94,0
New York Knicks,118,Memphis Grizzlies,104,0
Denver Nuggets,89,Los Angeles Lakers,93,1
San Antonio Spurs,99,Utah Jazz,110,1
Phoenix Suns,134,Cleveland Cavaliers,118,0
Charlotte Hornets,102,Detroit Pistons,99,0
Brooklyn Nets,118,Milwaukee Bucks,124,1
Dallas Mavericks,127,Miami Heat,113,0
Golden State Warriors,103,New Orleans Pelicans,108,1
Sacramento Kings,103,Oklahoma City Thunder,99,0
Toronto Raptors,100,Los Angeles Clippers,105,1
Boston Celtics,132,Orlando Magic,96,0
Portland Trail Blazers,141,Cleveland Cavaliers,105,0
Phoenix Suns,103,Atlanta Hawks,135,1
Philadelphia 76ers,135,Houston Rockets,115,0
Sacramento Kings,104,Indiana Pacers,93,0
Washington Wizards,134,Milwaukee Bucks,135,1
Memphis Grizzlies,139,Minnesota Timberwolves,135,0
New York Knicks,97,Denver Nuggets,113,1
San Antonio Spurs,94,Utah Jazz,126,1
Chicago Bulls,120,Charlotte Hornets,99,0
Brooklyn Nets,109,Dallas Mavericks,113,1
Washington Wizards,131,Toronto Raptors,129,0
Memphis Grizzlies,97,Detroit Pistons,111,1
Atlanta Hawks,126,Indiana Pacers,133,1
Oklahoma City Thunder,97,Golden State Warriors,118,1
Los Angeles Lakers,94,Los Angeles Clippers,118,1
New Orleans Pelicans,107,Philadelphia 76ers,109,1
Boston Celtics,99,Chicago Bulls,121,1
Orlando Magic,112,Charlotte Hornets,122,1
Minnesota Timberwolves,112,Miami Heat,121,1
Houston Rockets,133,Milwaukee Bucks,141,1
Cleveland Cavaliers,90,Dallas Mavericks,110,1
Denver Nuggets,120,Utah Jazz,127,1
New York Knicks,105,Phoenix Suns,128,1
Los Angeles Lakers,101,Portland Trail Blazers,106,1
San Antonio Spurs,113,Sacramento Kings,104,0
Washington Wizards,133,Indiana Pacers,132,0
Detroit Pistons,104,Philadelphia 76ers,118,1
Memphis Grizzlies,109,Toronto Raptors,99,0
Brooklyn Nets,125,Denver Nuggets,119,0
Oklahoma City Thunder,97,Golden State Warriors,136,1
San Antonio Spurs,102,Portland Trail Blazers,124,1
Houston Rockets,116,Utah Jazz,124,1
Miami Heat,130,Boston Celtics,124,0
New York Knicks,106,Los Angeles Clippers,100,0
New Orleans Pelicans,112,Charlotte Hornets,110,0
Dallas Mavericks,124,Cleveland Cavaliers,97,0
Minnesota Timberwolves,128,Orlando Magic,96,0
Chicago Bulls,108,Detroit Pistons,96,0
Phoenix Suns,110,Los Angeles Lakers,123,1
Oklahoma City Thunder,98,Sacramento Kings,126,1
Washington Wizards,124,Atlanta Hawks,125,1
Indiana Pacers,111,Cleveland Cavaliers,102,0
New Orleans Pelicans,110,Memphis Grizzlies,115,1
Milwaukee Bucks,125,San Antonio Spurs,146,1
Utah Jazz,116,Golden State Warriors,119,1
Houston Rockets,129,Portland Trail Blazers,140,1
Denver Nuggets,117,Charlotte Hornets,112,0
Minnesota Timberwolves,119,Detroit Pistons,100,0
Miami Heat,129,Boston Celtics,121,0
Los Angeles Clippers,115,Toronto Raptors,96,0
Brooklyn Nets,115,Chicago Bulls,107,0
Philadelphia 76ers,94,Indiana Pacers,103,1
Dallas Mavericks,104,Memphis Grizzlies,133,1
Orlando Magic,102,Milwaukee Bucks,114,1
Phoenix Suns,116,Golden State Warriors,122,1
New York Knicks,99,Los Angeles Lakers,101,1
Oklahoma City Thunder,106,Sacramento Kings,122,1
Washington Wizards,116,Atlanta Hawks,120,1
San Antonio Spurs,116,Brooklyn Nets,128,1
Boston Celtics,94,Cleveland Cavaliers,102,1
New Orleans Pelicans,107,Dallas Mavericks,125,1
Portland Trail Blazers,105,Utah Jazz,98,0
Houston Rockets,122,Los Angeles Lakers,124,1
Los Angeles Clippers,113,Charlotte Hornets,90,0
Milwaukee Bucks,142,Indiana Pacers,133,0
Orlando Magic,93,Atlanta Hawks,116,1
Philadelphia 76ers,94,Miami Heat,106,1
San Antonio Spurs,98,New York Knicks,102,1
Toronto Raptors,102,Chicago Bulls,114,1
Sacramento Kings,110,Memphis Grizzlies,116,1
Denver Nuggets,114,Minnesota Timberwolves,103,0
Portland Trail Blazers,117,Phoenix Suns,118,1
Cleveland Cavaliers,105,Washington Wizards,120,1
Denver Nuggets,104,Detroit Pistons,91,0
Utah Jazz,109,Oklahoma City Thunder,93,0
Orlando Magic,97,Philadelphia 76ers,122,1
Toronto Raptors,110,Dallas Mavericks,114,1
Los Angeles Clippers,115,Houston Rockets,122,1
Sacramento Kings,106,Memphis Grizzlies,107,1
New Orleans Pelicans,122,Golden State Warriors,125,1
Chicago Bulls,91,Brooklyn Nets,105,1
Los Angeles Lakers,122,Indiana Pacers,115,0
Charlotte Hornets,109,New York Knicks,118,1
Boston Celtics,124,Minnesota Timberwolves,108,0
Phoenix Suns,140,San Antonio Spurs,103,0
Miami Heat,108,Milwaukee Bucks,122,1
Boston Celtics,92,New York Knicks,96,1
Indiana Pacers,125,Toronto Raptors,113,0
Charlotte Hornets,110,Washington Wizards,115,1
Phoenix Suns,123,San Antonio Spurs,121,0
Memphis Grizzlies,101,Golden State Warriors,113,1
Houston Rockets,95,Atlanta Hawks,124,1
Cleveland Cavaliers,109,Brooklyn Nets,123,1
Orlando Magic,117,Philadelphia 76ers,128,1
Miami Heat,120,Detroit Pistons,107,0
Milwaukee Bucks,112,Chicago Bulls,118,1
Dallas Mavericks,121,Minnesota Timberwolves,136,1
Los Angeles Lakers,110,New Orleans Pelicans,98,0
Los Angeles Clippers,112,Oklahoma City Thunder,117,1
Denver Nuggets,116,Portland Trail Blazers,132,1
Utah Jazz,121,Sacramento Kings,99,0
Charlotte Hornets,117,Indiana Pacers,144,1
Washington Wizards,100,Boston Celtics,118,1
San Antonio Spurs,96,Memphis Grizzlies,100,1
Golden State Warriors,100,Los Angeles Lakers,103,1
Indiana Pacers,115,Washington Wizards,142,1
Memphis Grizzlies,117,Golden State Warriors,112,0
Miami Heat,107,Milwaukee Bucks,109,1
Dallas Mavericks,113,Los Angeles Clippers,103,0
Boston Celtics,93,Brooklyn Nets,104,1
Portland Trail Blazers,123,Denver Nuggets,109,0
Washington Wizards,118,Philadelphia 76ers,125,1
Los Angeles Lakers,90,Phoenix Suns,99,1
Atlanta Hawks,107,New York Knicks,105,0
Memphis Grizzlies,112,Utah Jazz,109,0
Miami Heat,98,Milwaukee Bucks,132,1
Portland Trail Blazers,109,Denver Nuggets,128,1
Boston Celtics,108,Brooklyn Nets,130,1
Los Angeles Lakers,109,Phoenix Suns,102,0
Dallas Mavericks,127,Los Angeles Clippers,121,0
Washington Wizards,95,Philadelphia 76ers,120,1
Atlanta Hawks,92,New York Knicks,101,1
Memphis Grizzlies,129,Utah Jazz,141,1
Milwaukee Bucks,113,Miami Heat,84,0
Phoenix Suns,95,Los Angeles Lakers,109,1
Denver Nuggets,120,Portland Trail Blazers,115,0
New York Knicks,94,Atlanta Hawks,105,1
Brooklyn Nets,119,Boston Celtics,125,1
Los Angeles Clippers,118,Dallas Mavericks,108,0
Milwaukee Bucks,120,Miami Heat,103,0
Denver Nuggets,95,Portland Trail Blazers,115,1
Philadelphia 76ers,132,Washington Wizards,103,0
Utah Jazz,121,Memphis Grizzlies,111,0
New York Knicks,96,Atlanta Hawks,113,1
Phoenix Suns,100,Los Angeles Lakers,92,0
Brooklyn Nets,141,Boston Celtics,126,0
Los Angeles Clippers,106,Dallas Mavericks,81,0
Philadelphia 76ers,114,Washington Wizards,122,1
Utah Jazz,120,Memphis Grizzlies,113,0
Boston Celtics,109,Brooklyn Nets,123,1
Portland Trail Blazers,140,Denver Nuggets,147,1
Los Angeles Lakers,85,Phoenix Suns,115,1
Washington Wizards,112,Philadelphia 76ers,129,1
Atlanta Hawks,103,New York Knicks,89,0
Memphis Grizzlies,110,Utah Jazz,126,1
Dallas Mavericks,105,Los Angeles Clippers,100,0
Denver Nuggets,126,Portland Trail Blazers,115,0
Phoenix Suns,113,Los Angeles Lakers,100,0
Los Angeles Clippers,104,Dallas Mavericks,97,0
Milwaukee Bucks,107,Brooklyn Nets,115,1
Atlanta Hawks,128,Philadelphia 76ers,124,0
Dallas Mavericks,111,Los Angeles Clippers,126,1
Milwaukee Bucks,86,Brooklyn Nets,125,1
Denver Nuggets,105,Phoenix Suns,122,1
Atlanta Hawks,102,Philadelphia 76ers,118,1
Los Angeles Clippers,109,Utah Jazz,112,1
Denver Nuggets,98,Phoenix Suns,123,1
Brooklyn Nets,83,Milwaukee Bucks,86,1
Los Angeles Clippers,111,Utah Jazz,117,1
Philadelphia 76ers,127,Atlanta Hawks,111,0
Phoenix Suns,116,Denver Nuggets,102,0
Utah Jazz,106,Los Angeles Clippers,132,1
Brooklyn Nets,96,Milwaukee Bucks,107,1
Phoenix Suns,125,Denver Nuggets,118,0
Philadelphia 76ers,100,Atlanta Hawks,103,1
Utah Jazz,104,Los Angeles Clippers,118,1
Milwaukee Bucks,108,Brooklyn Nets,114,1
Atlanta Hawks,109,Philadelphia 76ers,106,0
Los Angeles Clippers,119,Utah Jazz,111,0
Brooklyn Nets,89,Milwaukee Bucks,104,1
Philadelphia 76ers,104,Atlanta Hawks,99,0
Utah Jazz,119,Los Angeles Clippers,131,1
Milwaukee Bucks,115,Brooklyn Nets,111,0
Los Angeles Clippers,114,Phoenix Suns,120,1
Atlanta Hawks,103,Philadelphia 76ers,96,0
Los Angeles Clippers,103,Phoenix Suns,104,1
Atlanta Hawks,116,Milwaukee Bucks,113,0
Phoenix Suns,92,Los Angeles Clippers,106,1
Atlanta Hawks,91,Milwaukee Bucks,125,1
Phoenix Suns,84,Los Angeles Clippers,80,0
Milwaukee Bucks,113,Atlanta Hawks,102,0
Los Angeles Clippers,116,Phoenix Suns,102,0
Milwaukee Bucks,88,Atlanta Hawks,110,1
Phoenix Suns,130,Los Angeles Clippers,103,0
Atlanta Hawks,112,Milwaukee Bucks,123,1
Milwaukee Bucks,118,Atlanta Hawks,107,0
Milwaukee Bucks,105,Phoenix Suns,118,1
Milwaukee Bucks,108,Phoenix Suns,118,1
Phoenix Suns,100,Milwaukee Bucks,120,1
Phoenix Suns,103,Milwaukee Bucks,109,1
Milwaukee Bucks,123,Phoenix Suns,119,0